track_id,start_frame,end_frame,start_time_sec,end_time_sec,duration_sec,mean_person_distance_px,mean_hand_distance_px,near_ratio,contact_ratio,mean_score,label
20,2507,2547,83.65023333333333,84.9849,1.3346666666666636,102.71556434309606,0.0,1.0,0.8888888888888888,82.52192379238741,alta
21,2625,2639,87.5875,88.05463333333333,0.46713333333333334,102.66808644301874,0.0,1.0,0.21428571428571427,38.69483632800382,baixa
34,3796,3824,126.65986666666667,127.59413333333333,0.9342666666666588,106.80583092316604,0.0,1.0,0.2,37.307317187273284,baixa
47,4725,4754,157.6575,158.62513333333334,0.9676333333333389,102.03450534876748,0.0,1.0,0.35,47.524017604415285,media
48,4785,4813,159.6595,160.59376666666668,0.934266666666673,103.75410914542059,0.0,1.0,0.9411764705882353,85.75889098828091,alta
49,4920,4934,164.16400000000002,164.63113333333334,0.5005000000000001,104.6868783361288,0.0,1.0,0.8,76.55863391338511,alta
50,5070,5096,169.169,170.03653333333332,0.8675333333333128,107.4553563497335,0.0,1.0,0.375,48.69384841538276,media
54,5308,5339,177.11026666666666,178.14463333333333,1.0343666666666707,105.4318058156995,0.0,1.0,0.0625,28.50668164490261,baixa
57,5595,5609,186.6865,187.15363333333335,0.4671333333333507,103.98733320432287,0.0,1.0,0.2857142857142857,43.17204150048691,baixa
60,5805,5819,193.6935,194.16063333333335,0.4671333333333507,104.19226500499437,0.0,1.0,0.9285714285714286,84.96109945331935,alta
62,5903,5983,196.96343333333334,199.63276666666667,2.669333333333327,104.18941080276211,0.0,1.0,0.7391304347826086,72.63797273790637,media
64,6105,6181,203.7035,206.23936666666668,2.535866666666692,104.29730553702497,0.0,1.0,0.6578947368421053,67.34934406884987,media
66,6272,6389,209.27573333333333,213.17963333333333,3.903899999999993,104.73914874459894,0.0,1.0,0.9318181818181818,85.10453469393308,alta
72,6685,6719,223.05616666666668,224.19063333333332,1.1344666666666399,103.64848731668319,0.0,1.0,0.21428571428571427,38.57697486259592,baixa
77,6960,6989,232.232,233.19963333333334,0.9676333333333389,104.08388063740294,0.0,1.0,1.0,89.61627536530416,alta
82,7161,7184,238.9387,239.70613333333333,0.7674333333333152,105.1226748249002,0.0,1.0,0.875,81.38140938653402,alta
83,7260,7304,242.242,243.71013333333335,1.4681333333333555,103.17230745847903,0.0,1.0,0.6785714285714286,68.78952280512446,media
84,7380,7429,246.246,247.88096666666667,1.6349666666666565,102.36746230907673,0.0,1.0,0.5652173913043478,61.50163351169683,media
111,11403,11459,380.4801,382.34863333333334,1.868533333333346,104.79550815467162,0.0,1.0,0.04878048780487805,27.67606122825725,baixa
113,11580,11594,386.386,386.85313333333335,0.5005000000000001,105.73509608167866,0.0,1.0,0.5333333333333333,59.08190647461538,media
114,11642,11694,388.45473333333337,390.1898,1.7350666666666257,105.33870601798775,0.0,1.0,0.5,57.0217482491178,media
115,11748,11819,391.9916,394.36063333333334,2.369033333333334,102.67297153644236,0.0,1.0,0.45454545454545453,54.28772221853864,media
120,12270,12299,409.409,410.37663333333336,0.9676333333333673,105.58373521681318,0.0,1.0,0.06666666666666667,28.780706852420824,baixa
130,13890,13915,463.463,464.29716666666667,0.834166666666647,105.89982848382654,0.0,1.0,0.95,86.17238591614003,alta
131,13950,13964,465.46500000000003,465.93213333333335,0.46713333333333334,106.6217031263179,0.0,1.0,1.0,89.33375242796673,alta
135,14144,14266,471.9381333333333,476.0088666666667,4.070733333333351,104.702763747459,0.0,1.0,0.48717948717948717,56.19292399211498,media
139,14453,14497,482.24843333333337,483.71656666666667,1.4681333333332987,105.39001179027454,0.0,1.0,0.05,27.712053869285228,baixa
161,16100,16135,537.2033333333334,538.3711666666667,1.1678333333333057,106.8963457900507,0.0,1.0,0.1111111111111111,31.528685910599286,baixa
170,16620,16634,554.554,555.0211333333333,0.5005000000000001,104.08738331195346,0.0,1.0,0.13333333333333333,33.26084615037756,baixa
176,16844,16872,562.0281333333334,562.9624,0.9342666666666446,106.17709001241751,0.0,1.0,0.3157894736842105,44.88142537379071,baixa
177,16902,16964,563.9634,566.0321333333334,2.068733333333398,104.41076994555908,0.0,1.0,0.30303030303030304,44.24285761766866,baixa
179,17250,17294,575.575,577.0431333333333,1.4681333333332987,105.92427182068262,0.0,1.0,0.45454545454545453,53.98732511394332,media
187,19125,19189,638.1375,640.2729666666667,2.135466666666616,109.10466161107321,0.0,1.0,0.21052631578947367,37.78702054462991,baixa
189,19401,19432,647.3467,648.3810666666667,1.0343666666666422,106.74041213575418,0.0,1.0,0.35294117647058826,47.26108735835283,media
198,20431,20488,681.7143666666667,683.6162666666667,1.901899999999955,102.75413818999554,0.0,1.0,0.15,34.469315704941856,baixa
206,22844,22905,762.2281333333334,764.2635,2.0687333333333333,253.45982227364493,12.735068782683342,1.0,0.8709677419354839,66.41471423677366,media
206,22908,22929,764.3636,765.0643,0.7340666666666666,249.11239650870314,24.79830516468395,1.0,0.7272727272727273,58.97264081859134,media
206,22955,22976,765.9318333333333,766.6325333333333,0.7340666666666666,189.37271053319043,39.42416104403409,1.0,0.5,53.95945466921055,media
206,22978,23048,766.6992666666666,769.0349333333334,2.3690333333333333,164.9089829950086,2.938286150005502,1.0,0.9859154929577465,82.13456313747368,alta
208,22844,22905,762.2281333333334,764.2635,2.0687333333333333,78.26283594240233,0.0,1.0,1.0,95.63796819463019,alta
208,22908,22929,764.3636,765.0643,0.7340666666666666,38.99325220413947,0.0,1.0,1.0,95.93729158663615,alta
208,22955,22976,765.9318333333333,766.6325333333333,0.7340666666666666,48.3669333655417,0.0,1.0,1.0,95.19546329378778,alta
208,22978,23038,766.6992666666666,768.7012666666667,2.0020000000000664,44.491331537643454,0.0,1.0,1.0,95.48078446707603,alta
214,22847,22905,762.3282333333334,764.2635,1.9686333333333335,203.1465975831793,0.0,1.0,1.0,79.849625359907,alta
214,22908,22929,764.3636,765.0643,0.7340666666666666,183.3876551595417,0.0,1.0,1.0,81.29359597697318,alta
214,22955,22976,765.9318333333333,766.6325333333333,0.7340666666666666,217.09250894504729,0.0,1.0,1.0,78.02658146044915,alta
214,22978,23051,766.6992666666666,769.1350333333334,2.469133333333333,194.56683173246705,0.0,1.0,1.0,80.61894386681365,alta
214,23076,23103,769.9692,770.8701,0.9342666666666667,180.19631925858224,0.0,1.0,1.0,82.12887319312178,alta
214,23151,23212,772.4717,774.5070666666667,2.0353666666666186,152.43193074739528,0.0,1.0,1.0,85.59458809509172,alta
214,23218,23249,774.7072666666667,775.7416333333333,1.0343666666666422,164.5601661260669,0.0,1.0,1.0,83.36222303598402,alta
214,23260,23507,776.1086666666666,784.3502333333333,8.274933333333333,180.53613350041982,0.0,1.0,0.9637096774193549,80.9423025059507,alta
215,22996,23051,767.2998666666667,769.1350333333334,1.8351666666666233,121.83038080594368,18.42165289984809,1.0,0.7777777777777778,76.80800676243251,alta
215,23076,23107,769.9692,771.0035666666666,1.0343666666666422,113.17504555434884,0.013697130926724138,1.0,1.0,88.72396044552673,alta
217,23151,23212,772.4717,774.5070666666667,2.0687333333333333,54.98031242039022,0.0,1.0,1.0,95.39757342330849,alta
217,23218,23249,774.7072666666667,775.7416333333333,1.0677333333333334,32.7880511017373,0.0,1.0,1.0,96.75873818559964,alta
217,23260,23505,776.1086666666666,784.2835,8.174833333333368,35.520498350098876,0.0,1.0,1.0,96.81233098466151,alta
218,23144,23177,772.2381333333334,773.3392333333334,1.101099999999974,264.94146100917635,0.0,1.0,1.0,82.64058408688445,alta
219,23151,23212,772.4717,774.5070666666667,2.0353666666666186,176.7373853347582,0.0,1.0,1.0,83.17769599214074,alta
219,23218,23236,774.7072666666667,775.3078666666667,0.6006,187.58286883228453,0.0,1.0,1.0,80.9426712121987,alta
222,23261,23507,776.1420333333333,784.3502333333333,8.208200000000033,179.97843020049493,0.0,1.0,1.0,82.00376225405891,alta
222,23518,23538,784.7172666666667,785.3846,0.7007,182.1437293127555,0.0,1.0,1.0,81.6069991581716,alta
222,23550,23574,785.785,786.5858000000001,0.8341666666666667,200.7946235944143,0.0,1.0,1.0,82.29491242138519,alta
222,23581,23624,786.8193666666667,788.2541333333334,1.4681333333333333,169.16996508643186,0.0,1.0,1.0,83.19041623252416,alta
224,23543,23574,785.5514333333333,786.5858000000001,1.034366666666756,203.27873813430827,0.0,1.0,1.0,81.39109478439413,alta
224,23581,23624,786.8193666666667,788.2541333333334,1.4347666666666328,189.54736238883683,0.0,1.0,1.0,81.02466308095467,alta
225,23550,23574,785.785,786.5858000000001,0.8008000000000948,51.64992895929286,0.0,1.0,1.0,97.19803931248094,alta
225,23581,23624,786.8193666666667,788.2541333333334,1.4347666666666328,27.346244096620534,0.0,1.0,1.0,97.28187372364145,alta
225,23792,23837,793.8597333333333,795.3612333333333,1.5348666666666666,68.1122218458418,0.0,1.0,1.0,96.82428164492312,alta
227,23792,23812,793.8597333333333,794.5270666666667,0.7007,249.03634279597367,0.0,1.0,0.8571428571428571,77.30940790745619,alta
227,23823,24211,794.8941,807.8403666666667,12.946266666666702,156.36330112971243,0.0,1.0,0.992,84.11456944815693,alta
227,24222,24270,808.2074,809.809,1.6349666666666667,172.46021751666277,0.023135438257334183,1.0,1.0,83.59889630334362,alta
227,24272,24393,809.8757333333333,813.9131,4.070733333333333,161.3555694361727,0.03548393874871926,1.0,1.0,83.76400446309536,alta
227,24419,24445,814.7806333333333,815.6481666666667,0.9009,157.10715843252328,0.0,1.0,1.0,84.27410730405248,alta
227,24449,24521,815.7816333333334,818.1840333333333,2.435766666666667,151.27835583206408,0.4328345729880137,1.0,1.0,83.05206662688481,alta
227,24552,24569,819.2184,819.7856333333333,0.6006,178.10686943541688,61.46249220106337,1.0,0.0,38.145932323787434,baixa
227,24596,24614,820.6865333333334,821.2871333333334,0.6339666666666667,253.2716193882827,106.55516453793174,1.0,0.0,28.91884011479131,baixa
227,24623,24782,821.5874333333334,826.8927333333334,5.338666666666667,176.8332301679456,43.52823314666748,1.0,0.59375,59.5448815065655,media
227,24928,25116,831.7642666666667,838.0372,6.3063,185.57552144300783,68.69030745571884,1.0,0.4656084656084656,51.404867033817126,media
227,25140,25154,838.838,839.3051333333334,0.5005000000000001,176.83480390448705,0.0,1.0,1.0,87.20441084569826,alta
228,23792,24211,793.8597333333333,807.8403666666667,13.980633333333344,234.91859481850005,24.94849829870044,1.0,0.8135593220338984,60.53346589993285,media
228,24222,24270,808.2074,809.809,1.6349666666666667,225.18992670729685,6.528896409638074,1.0,1.0,68.59109949843294,media
228,24272,24393,809.8757333333333,813.9131,4.037366666666685,210.45139571685917,8.434641237612125,1.0,1.0,69.09995242316184,media
228,24419,24521,814.7806333333333,818.1840333333333,3.4034000000000333,184.504289653596,3.066386023233103,1.0,1.0,76.844101767418,alta
229,24345,24365,812.3115,812.9788333333333,0.6673333333333176,215.2501163403867,0.0,1.0,1.0,78.49112489737004,alta
230,24426,24444,815.0142,815.6148000000001,0.6006000000000995,219.87281186383788,0.0,1.0,1.0,77.98731922368694,alta
231,24471,24521,816.5157,818.1840333333333,1.668333333333294,196.4734182964668,0.6054222293016387,1.0,0.8292682926829268,74.32178094299167,media
231,24552,24569,819.2184,819.7856333333333,0.6006,203.40849911655258,0.0,1.0,1.0,79.66185383835793,alta
231,24596,24614,820.6865333333334,821.2871333333334,0.6339666666666667,254.28883106680203,0.0,1.0,1.0,80.03499995796662,alta
231,24623,24944,821.5874333333334,832.2981333333333,10.710699999999974,178.50177831316114,0.0,1.0,1.0,82.34975182807827,alta
233,24686,24744,823.6895333333333,825.6248,1.9352666666667346,42.1688337578553,0.0,1.0,1.0,95.624312539443,alta
234,24736,25110,825.3578666666667,837.837,12.479133333333266,39.290110885073496,0.0,1.0,1.0,96.05983621070006,alta
235,24979,25016,833.4659666666666,834.7005333333334,1.2345666666667512,148.5100324625254,0.0,1.0,1.0,85.35356846403614,alta
236,25053,25116,835.9351,838.0372,2.135466666666667,184.34456716563196,0.0,1.0,1.0,81.2968520214271,alta
236,25140,25154,838.838,839.3051333333334,0.5005000000000001,239.41452118106346,0.0,1.0,1.0,79.94475558190486,alta
237,25140,25154,838.838,839.3051333333334,0.5005000000000001,47.498727728129616,0.0,1.0,1.0,94.70533238884032,alta
237,25201,25278,840.8733666666667,843.4426,2.5692333333332726,109.78843430793877,17.016741943359374,1.0,0.9555555555555556,80.1553525369519,alta
237,25331,25350,845.2110333333334,845.845,0.6673333333333333,179.67230121365776,0.0,1.0,1.0,82.1769696873657,alta
237,25367,25430,846.4122333333333,848.5143333333333,2.135466666666667,171.46393835723802,0.0,1.0,1.0,83.53264247080119,alta
237,25436,25495,848.7145333333333,850.6831666666667,2.0020000000000002,164.08233866290664,0.0,1.0,1.0,83.52462527102534,alta
237,25544,25630,852.3181333333333,855.1876666666667,2.8695333333333792,188.00399240719673,0.5884222303118024,1.0,0.9880952380952381,81.14026608918415,alta
237,25647,26001,855.7549,867.5667,11.811799999999948,123.45762188637373,0.07188636251965409,1.0,1.0,87.46837872157491,alta
237,26009,26023,867.8336333333333,868.3007666666667,0.5005000000000001,185.65731354955426,59.24154459635417,1.0,0.13333333333333333,40.7179881043624,baixa
237,26025,26040,868.3675000000001,868.868,0.5338666666666667,224.8453579621469,104.45673942565918,1.0,0.0,27.14591470678664,baixa
237,26139,26172,872.1713,873.2724000000001,1.1344666666666667,221.19241414133288,95.061107859892,1.0,0.0,29.641872359029207,baixa
237,26176,26223,873.4058666666667,874.9741,1.5682333333332963,158.69522795788507,10.928385416666666,1.0,0.9111111111111111,77.25109651838443,alta
237,26249,26298,875.8416333333333,877.4766,1.634966666666628,218.3457133792297,0.0,1.0,1.0,84.92637998894811,alta
237,26361,26383,879.5787,880.3127666666667,0.7674333333333333,177.28461620257457,37.15102485988451,1.0,0.6956521739130435,61.9018405411327,media
238,25187,25228,840.4062333333334,841.7742666666667,1.368033333333301,173.51433534430444,44.14543533325195,1.0,0.3125,51.4701279147682,media
238,25232,25252,841.9077333333333,842.5750666666667,0.7007,150.73111106981005,18.9428957984561,1.0,1.0,72.47764444757624,media
238,25255,25273,842.6751666666667,843.2757666666666,0.6339666666666667,162.80649711764406,0.15410734477796054,1.0,1.0,85.26096351605574,alta
243,25369,25430,846.4789666666667,848.5143333333333,2.0353666666666186,55.824653717888445,0.0,1.0,1.0,94.41593225943218,alta
243,25436,25495,848.7145333333333,850.6831666666667,2.0020000000000002,54.426012368941876,0.0,1.0,1.0,94.58017235981124,alta
244,25394,25430,847.3131333333333,848.5143333333333,1.2011999999999716,167.43223729983217,93.27774137609146,1.0,0.0,34.97619395396961,baixa
244,25436,25495,848.7145333333333,850.6831666666667,1.9686333333334005,164.1647954758338,81.47068623134068,1.0,0.0,36.97093752075242,baixa
244,25544,25630,852.3181333333333,855.1876666666667,2.8695333333333792,224.451785928967,10.3292433794807,1.0,0.8823529411764706,71.63477020074748,media
244,25647,25715,855.7549,858.0238333333333,2.2689333333332797,135.99693868379043,0.0,1.0,1.0,86.51700961165416,alta
245,25563,25611,852.9521,854.5537,1.6016000000000759,58.76053044673815,0.0,1.0,1.0,94.32364281018997,alta
246,25647,25701,855.7549,857.5567,1.8017999999999574,106.26504507235641,0.0,1.0,1.0,89.40096072151289,alta
248,25779,25970,860.1593,866.5323333333333,6.3730333333332965,126.842238063412,0.0,1.0,1.0,87.28681167880302,alta
249,25971,26001,866.5657,867.5667,1.0343666666666667,198.17890569771325,0.0,1.0,1.0,80.22925160589928,alta
249,26009,26023,867.8336333333333,868.3007666666667,0.5005000000000001,139.61128799409332,0.0,1.0,1.0,86.65271093155876,alta
249,26025,26172,868.3675000000001,873.2724000000001,4.938266666666666,161.1178537116511,0.0,1.0,1.0,83.83366549341599,alta
249,26176,26223,873.4058666666667,874.9741,1.5682333333333334,202.35614645130562,0.0,1.0,1.0,79.63147262063022,alta
249,26249,26262,875.8416333333333,876.2754,0.46713333333333334,270.9233482587009,0.0,1.0,1.0,81.05146703171866,alta
250,26249,26294,875.8416333333333,877.3431333333333,1.5348666666666666,57.3342598409568,0.0,1.0,1.0,97.06584063207987,alta
250,26363,26383,879.6454333333334,880.3127666666667,0.6673333333333176,177.16268918304763,38.875113351004465,1.0,0.42857142857142855,54.727521114434204,media
252,26361,26383,879.5787,880.3127666666667,0.7674333333333333,195.97925087606725,0.0,1.0,0.0,48.431950763699135,media
253,26428,26444,881.8142666666666,882.3481333333333,0.5672333333333334,77.01610400776053,0.0,1.0,1.0,96.0672129752174,alta
253,26529,26543,885.1843,885.6514333333333,0.5005000000000001,129.90996714632604,0.0,1.0,1.0,96.38334341867022,alta
254,26537,26570,885.4512333333333,886.5523333333333,1.101099999999974,228.9330233276313,80.62970066070557,1.0,0.0,37.63137389040982,baixa
254,26593,26634,887.3197666666667,888.6878,1.368033333333301,73.4699827228619,1.189888332201087,1.0,1.0,93.0741229241462,alta
254,26636,26671,888.7545333333334,889.9223666666667,1.2012,44.88458325884024,0.0,1.0,1.0,95.31465742922666,alta
255,26529,26543,885.1843,885.6514333333333,0.5005000000000001,267.253487198887,0.0,1.0,1.0,82.71360722336642,alta
255,26557,26570,886.1185666666667,886.5523333333333,0.46713333333333334,179.74621231314435,0.0,1.0,1.0,81.77565555818691,alta
255,26593,26620,887.3197666666667,888.2206666666667,0.9342666666666667,219.73008322004657,0.0,1.0,1.0,77.87078837335771,alta
257,26596,26634,887.4198666666667,888.6878,1.3013000000000001,151.04045872218592,0.9803404196714743,1.0,1.0,83.3706321526957,alta
257,26636,26673,888.7545333333334,889.9891,1.2345666666666375,153.33193076815476,0.0,1.0,1.0,84.23491659677248,alta
257,26695,26906,890.7231666666667,897.7635333333334,7.073733333333333,196.19413692515377,0.0,1.0,1.0,80.43021583574406,alta
257,26912,26939,897.9637333333334,898.8646333333334,0.9342666666666667,213.3066704582912,0.0,1.0,1.0,78.64590536939365,alta
257,26941,26987,898.9313666666667,900.4662333333333,1.5348666666666304,180.3376819401233,0.0,1.0,1.0,82.2661335770578,alta
259,26695,26778,890.7231666666667,893.4926,2.7694333333333816,202.76225341038275,69.89772440592448,1.0,0.22666666666666666,42.185201025418415,baixa
259,26850,26906,895.895,897.7635333333334,1.9019,201.18180565365762,72.74286638226425,1.0,0.22807017543859648,41.221698692366836,baixa
259,26912,26939,897.9637333333334,898.8646333333334,0.9342666666666667,158.74099137933717,0.0,1.0,1.0,84.14060833568404,alta
260,26700,26733,890.89,891.9911,1.101099999999974,107.74484633001832,17.353013780381943,1.0,0.7777777777777778,77.08165903325951,alta
261,26773,26857,893.3257666666667,896.1285666666666,2.802799999999934,67.02827444255362,0.0,1.0,1.0,93.1540072444935,alta
263,26941,27006,898.9313666666667,901.1002,2.168833333333282,50.76583627273661,0.0,1.0,1.0,94.863772548707,alta
263,27010,27023,901.2336666666666,901.6674333333334,0.46713333333333334,56.892468042042466,4.209780011858259,1.0,1.0,89.89278983175517,alta
264,26964,27006,899.6988,901.1002,1.401399999999967,173.74582794705756,41.964517032398895,1.0,0.35294117647058826,52.83669608843284,media
271,27316,27400,911.4438666666667,914.2466666666667,2.802799999999934,76.55279199509009,0.0,1.0,1.0,92.55419310186076,alta
272,27316,27449,911.4438666666667,915.8816333333333,4.437766666666562,197.65727403828578,0.0,1.0,1.0,80.24854773275462,alta
273,27324,28068,911.7108000000001,936.5356,24.824799999999982,184.95186994578765,0.2670825255403371,1.0,1.0,81.21138551990504,alta
273,28070,28124,936.6023333333334,938.4041333333333,1.8351666666666666,188.8766854959201,0.0,1.0,1.0,80.93033846714268,alta
273,28134,28148,938.7378,939.2049333333333,0.5005000000000001,298.2402781519366,0.0,1.0,1.0,76.48575853196031,alta
277,27451,27659,915.9483666666666,922.8886333333334,6.94026666666673,192.34554686188318,0.0,1.0,1.0,80.86146462078024,alta
280,27689,27976,923.8896333333333,933.4658666666667,9.576233333333334,205.28373371369804,43.92644544960796,1.0,0.4673913043478261,53.85495058487917,media
280,28070,28124,936.6023333333334,938.4041333333333,1.8351666666666666,208.22820075381568,67.76395652077414,1.0,0.3090909090909091,43.10793861868859,baixa
280,28134,28154,938.7378,939.4051333333333,0.7007,203.7029477643207,0.0,1.0,1.0,84.38787676109742,alta
283,27939,28044,932.2313,935.7348000000001,3.503500000000031,54.70006278082406,0.0,1.0,0.9764705882352941,93.01030420876182,alta
284,28160,28176,939.6053333333333,940.1392000000001,0.5338666666667677,142.6820541647395,0.0,1.0,1.0,86.21949647879089,alta
286,28183,28238,940.3727666666667,942.2079333333334,1.8685333333333334,82.8682912280251,0.0,1.0,1.0,92.93888781564054,alta
286,28254,28271,942.7418,943.3090333333333,0.5672333333333334,130.09829726545698,52.27944587258732,1.0,0.17647058823529413,48.814381579837665,media
293,28581,28647,953.6527,955.8549,2.2022000000000617,185.20620241758638,69.45679374363111,1.0,0.043478260869565216,38.068630010026105,baixa
293,28704,28724,957.7568,958.4241333333333,0.7007,247.9442120664237,0.0,1.0,1.0,79.73250818273398,alta
293,28726,28781,958.4908666666666,960.3260333333334,1.8685333333333334,230.6568773928781,0.2541890825544085,1.0,1.0,76.51082158514684,alta
293,28785,28812,960.4595,961.3604,0.9342666666666667,226.52021217143516,5.553819928850446,1.0,1.0,71.83570814739377,media
295,28548,28574,952.5516,953.4191333333333,0.9009,125.22564726042874,5.230771665219907,1.0,1.0,79.82176071969003,alta
295,28581,28648,953.6527,955.8882666666667,2.2355666666667275,154.8303651173052,2.4417618040054565,1.0,1.0,81.12930263061023,alta
295,28726,28781,958.4908666666666,960.3260333333334,1.8685333333333334,153.7843672008267,0.0,1.0,1.0,85.39229978250856,alta
295,28785,28812,960.4595,961.3604,0.9008999999999787,148.03437942586723,0.0,1.0,1.0,85.15014084749556,alta
295,28872,28964,963.3624,966.4321333333334,3.0697333333333745,152.93513207629388,0.0,1.0,1.0,85.36399276872838,alta
295,28969,28984,966.5989666666667,967.0994666666667,0.5338666666666667,162.24238657057813,5.319921493530273,1.0,1.0,84.0814853898633,alta
295,29086,29099,970.5028666666667,970.9366333333334,0.46713333333333334,183.04974387016406,24.345755440848215,1.0,0.7857142857142857,66.58725669560236,media
295,29110,29137,971.3036666666667,972.2045666666667,0.9342666666666667,182.0902054004026,95.65215410505023,1.0,0.0,33.46573276462677,baixa
300,28780,28808,960.2926666666667,961.2269333333334,0.9342666666666446,110.0404278693056,0.0,1.0,1.0,89.74786280073997,alta
301,28821,28855,961.6607,962.7951666666667,1.1344666666666399,137.69716210355807,0.0,1.0,1.0,88.03577041269384,alta
303,28830,28863,961.961,963.0621,1.1344666666666667,275.0306159331564,36.05678221758674,1.0,0.6470588235294118,49.552744155226954,media
303,28865,28892,963.1288333333333,964.0297333333333,0.9008999999999787,288.01452939736595,41.77130046643709,1.0,0.5263157894736842,49.97383864904686,media
303,28894,28909,964.0964666666666,964.5969666666667,0.5338666666666667,285.3390401132633,49.544517993927,1.0,0.4375,44.54159424145325,baixa
306,28934,28963,965.4311333333334,966.3987666666667,1.0010000000000001,173.5996529203279,0.0,1.0,1.0,82.51072058832258,alta
306,28969,28984,966.5989666666667,967.0994666666667,0.5338666666666667,204.91523053124408,4.035541534423828,1.0,1.0,79.60138020466346,alta
307,28935,28964,965.4645,966.4321333333334,1.0010000000000001,243.450339078255,1.0520060221354166,1.0,1.0,73.69658304739012,media
310,29110,29137,971.3036666666667,972.2045666666667,0.9342666666666667,219.70954202874879,0.0,1.0,1.0,78.51345975704237,alta
310,29295,29313,977.4765,978.0771,0.6339666666666667,217.67606385499437,0.0,1.0,1.0,78.0040123855216,alta
313,29288,29313,977.2429333333333,978.0771,0.834166666666647,145.14162823272312,6.682612419128418,1.0,1.0,81.41515143792516,alta
313,29323,29702,978.4107666666666,991.0567333333333,12.645966666666709,222.38236717194587,8.093980371480253,1.0,0.9577836411609498,69.59431537582378,media
314,29295,29313,977.4765,978.0771,0.6005999999999858,146.34406672285286,1.2025127410888672,1.0,1.0,82.93110025841443,alta
315,29323,29374,978.4107666666666,980.1124666666667,1.7017000000000735,110.64341604661726,0.0,1.0,1.0,89.1220299562278,alta
317,29354,29879,979.4451333333334,996.9626333333333,17.517499999999927,165.98559028407095,15.475269070308663,1.0,0.8762278978388998,76.3488554722048,alta
317,29882,29911,997.0627333333333,998.0303666666667,1.0010000000000001,260.35716962561605,119.56225077311198,1.0,0.0,22.707125624919193,baixa
317,29916,29952,998.1972000000001,999.3984,1.2345666666666666,246.33705088693378,120.0557119008657,1.0,0.0,23.210336155569106,baixa
317,30105,30228,1004.5035,1008.6076,4.137466666666667,173.38444229180246,31.955210039692542,1.0,0.6774193548387096,64.87184542642,media
317,30251,30273,1009.3750333333334,1010.1091,0.7674333333333333,160.52843674204672,50.456661721934445,1.0,0.17391304347826086,46.010100150808604,media
318,29372,29406,980.0457333333334,981.1802,1.1344666666666399,31.396694993135124,0.0,1.0,1.0,96.90676737267208,alta
320,29703,29726,991.0901,991.8575333333333,0.8008000000000001,215.3197373112707,0.9057165781656901,1.0,0.9583333333333334,76.63972389676633,alta
321,29726,29797,991.8575333333333,994.2265666666667,2.369033333333391,204.51506220041625,17.209471366774867,1.0,1.0,67.54377737887063,media
322,29758,29820,992.9252666666666,994.994,2.068733333333398,204.10164329079117,0.11632492963005514,1.0,1.0,79.04842796695002,alta
323,29819,29894,994.9606333333334,997.4631333333333,2.5358666666666667,185.9451348437752,0.0,1.0,1.0,81.38071390243965,alta
323,29896,29911,997.5298666666666,998.0303666666667,0.5338666666666667,207.17934824227405,0.0,1.0,1.0,81.54266676391455,alta
323,29916,29954,998.1972000000001,999.4651333333334,1.3013000000000001,184.14321203704336,0.0,1.0,1.0,81.58080104510438,alta
323,30006,30029,1001.2002,1001.9676333333333,0.8008000000000001,190.75189698330584,0.0,1.0,1.0,80.75529771528399,alta
323,30057,30074,1002.9019000000001,1003.4691333333334,0.6006,209.4182883935276,0.0,1.0,1.0,81.4011147956178,alta
323,30077,30230,1003.5692333333334,1008.6743333333334,5.138466666666667,199.4283643206673,0.0,1.0,1.0,80.41351050953178,alta
323,30245,30272,1009.1748333333334,1010.0757333333333,0.9342666666666667,197.677285837303,0.0,1.0,1.0,80.63963355026338,alta
325,30209,30230,1007.9736333333334,1008.6743333333334,0.7340666666666666,107.95110157858853,5.6809303977272725,1.0,1.0,83.93818687632702,alta
325,30245,30271,1009.1748333333334,1010.0423666666667,0.8675333333333128,143.65273948806728,29.171632654526654,1.0,0.8235294117647058,66.79377945506656,media
328,30435,30599,1015.5145,1020.9866333333333,5.472133333333318,162.710106917924,0.0,1.0,1.0,84.0715651737731,alta
328,30617,30722,1021.5872333333333,1025.0907333333334,3.5368666666666666,190.89912292057664,50.22077884314195,1.0,0.5660377358490566,57.03418848255283,media
328,30796,30824,1027.5598666666667,1028.4941333333334,0.9676333333333333,248.70658555603413,134.69508835365033,1.0,0.0,20.617448010776872,baixa
328,31002,31066,1034.4334000000001,1036.5688666666667,2.168833333333333,191.51626548591742,42.530890362079326,1.0,0.6307692307692307,59.609545139995866,media
328,31088,31125,1037.3029333333334,1038.5375,1.2345666666665238,142.46377445871877,0.0,1.0,1.0,85.91058419991535,alta
329,30435,30468,1015.5145,1016.6156,1.101099999999974,60.16631925085259,0.0,1.0,1.0,94.91898683278943,alta
330,30444,30608,1015.8148,1021.2869333333333,5.5055000000000005,186.80740581123834,1.5794267134232955,1.0,1.0,79.96023243536781,alta
330,30617,30671,1021.5872333333333,1023.3890333333334,1.8351666666666666,216.86581084957393,14.750861150568182,1.0,0.9454545454545454,70.36601795468391,media
333,30677,31066,1023.5892333333334,1036.5688666666667,12.979633333333368,218.80775412854388,0.0537521244627651,1.0,1.0,78.02608369829775,alta
333,31088,31125,1037.3029333333334,1038.5375,1.2679333333333334,198.184133109727,0.0,1.0,1.0,81.52801966346227,alta
333,31157,31170,1039.6052333333334,1040.039,0.46713333333333334,185.69728274009734,0.0,1.0,1.0,81.76480690653398,alta
333,31260,31288,1043.042,1043.9762666666668,0.9676333333333333,185.23694210368313,0.0,1.0,1.0,83.62622500032367,alta
333,31337,31361,1045.6112333333333,1046.4120333333333,0.8341666666666667,157.76722990825422,0.0,1.0,1.0,84.20703779570027,alta
333,31368,31399,1046.6456,1047.6799666666666,1.0677333333333334,180.92299751143202,0.0,1.0,1.0,81.69775003832083,alta
336,30855,30869,1029.5285000000001,1029.9956333333334,0.5005000000000001,52.337674500485974,0.0,1.0,1.0,94.80547242001401,alta
339,31088,31123,1037.3029333333334,1038.4707666666666,1.1678333333333333,129.95321972755437,0.0,1.0,1.0,91.30824806882622,alta
341,31260,31288,1043.042,1043.9762666666668,0.9676333333333333,157.792693848998,51.65790215853987,1.0,0.41379310344827586,52.25320109907801,media
344,31419,31512,1048.3473000000001,1051.4504,3.103099999999813,149.52506672304077,0.0,1.0,1.0,84.99060773227448,alta
345,31433,31619,1048.8144333333335,1055.0206333333333,6.206199999999853,44.869163274157316,0.0,1.0,1.0,95.59339142657522,alta
345,31634,31726,1055.5211333333334,1058.5908666666667,3.1031,32.057520466889045,0.0,1.0,1.0,96.80435916459372,alta
345,31728,31755,1058.6576,1059.5585,0.9009000000000924,36.34787278008687,0.0,1.0,1.0,96.35562129945124,alta
346,31449,31483,1049.3483,1050.4827666666667,1.1678333333333333,174.2307044022057,0.0,1.0,1.0,83.21920415548126,alta
348,31510,31619,1051.3836666666666,1055.0206333333333,3.6369666666666944,166.30730554891414,0.0,1.0,1.0,83.34955444353122,alta
348,31634,31726,1055.5211333333334,1058.5908666666667,3.1031,168.30550060729232,0.0,1.0,1.0,83.19247276569016,alta
348,31728,31831,1058.6576,1062.0943666666667,3.4701333333333335,192.68565172546343,8.82740725003756,1.0,0.9807692307692307,73.09687047517998,media
349,31512,31619,1051.4504,1055.0206333333333,3.5702333333333627,157.54795471431106,0.0,1.0,1.0,84.33670734217242,alta
349,31634,31726,1055.5211333333334,1058.5908666666667,3.069733333333261,162.6183427232458,0.0,1.0,1.0,83.63339685840927,alta
349,31728,32048,1058.6576,1069.3349333333333,10.677333333333308,174.0387319861879,20.738466114108846,1.0,0.9389830508474576,70.56890670606153,media
349,32055,32182,1069.5685,1073.8060666666668,4.23756666666668,227.78545531436086,61.0708204186481,1.0,0.1565217391304348,38.19541483212241,baixa
350,31584,31599,1053.8528000000001,1054.3533,0.5005000000000001,157.21893247249653,0.0,1.0,1.0,84.2559455080573,alta
352,31926,32048,1065.2642,1069.3349333333333,4.070733333333237,197.4751564085512,0.0,1.0,1.0,80.41513493703005,alta
354,32002,32046,1067.8000666666667,1069.2682,1.5015,35.008961756462774,0.0,1.0,1.0,96.33109069087303,alta
354,32055,32182,1069.5685,1073.8060666666668,4.270933333333334,151.53781271376937,2.8297488689422607,1.0,0.9921875,83.7485424442445,alta
355,32120,32144,1071.7373333333333,1072.5381333333335,0.8008000000002085,97.31383970587189,4.691716811236213,1.0,1.0,87.8892926052667,alta
356,32222,32236,1075.1407333333334,1075.6078666666667,0.5005000000000001,115.69117283443617,0.0,1.0,1.0,88.77370889704751,alta
356,32270,32364,1076.7423333333334,1079.8788,3.1698333333333335,30.52983395339837,0.0,1.0,1.0,97.11364081048282,alta
357,32277,32299,1076.9759,1077.7099666666668,0.7674333333333333,129.97706847978995,0.0,1.0,1.0,87.40814567442295,alta
358,32282,32369,1077.1427333333334,1080.0456333333334,2.9362666666666666,169.207167304136,0.0,1.0,1.0,83.00996711532945,alta
358,32410,32494,1081.4136666666666,1084.2164666666667,2.8361666666666667,256.54416002481355,52.73963874368106,1.0,0.17647058823529413,36.05548070679745,baixa
358,32551,32607,1086.1183666666666,1087.9869,1.9019,211.2733427690515,0.0,1.0,1.0,79.05106006800018,alta
359,32285,32369,1077.2428333333335,1080.0456333333334,2.802799999999934,133.0341687241461,20.423101324784128,1.0,0.868421052631579,74.147664332472,media
359,32410,32494,1081.4136666666666,1084.2164666666667,2.8361666666666667,175.32072046236902,77.02616469439339,1.0,0.0,36.476347369062154,baixa
359,32551,32766,1086.1183666666666,1093.2922,7.173833333333505,86.89479283195422,16.981563792509192,1.0,0.7588235294117647,79.74166055663471,alta
360,32609,32672,1088.0536333333334,1090.1557333333333,2.135466666666667,127.59810324790851,0.06338262557983398,1.0,1.0,87.03641442986154,alta
361,32614,32992,1088.2204666666667,1100.8330666666666,12.645966666666666,182.31508388373206,0.1379470221285455,1.0,1.0,81.63991475994699,alta
361,32999,33017,1101.0666333333334,1101.6672333333333,0.6339666666666667,194.47032536990602,0.0,1.0,1.0,80.40571896192883,alta
362,32703,32904,1091.1901,1097.8968,6.706699999999955,207.0931503799004,0.0,1.0,1.0,79.34477812647997,alta
363,32868,33004,1096.6956,1101.2334666666668,4.537866666666787,39.92194929587503,0.0,1.0,1.0,95.96028065155969,alta
364,33003,33164,1101.2001,1106.5721333333333,5.37203333333332,184.81742389712187,35.65406927293347,1.0,0.5225806451612903,57.235188236541696,media
364,33170,33190,1106.7723333333333,1107.4396666666667,0.7007,172.0856638983835,1.6771937779017858,1.0,1.0,78.543827052646,alta
364,33215,33240,1108.2738333333334,1109.108,0.8675333333333334,123.91109849495004,0.0,1.0,1.0,87.61200634954155,alta
364,33264,33279,1109.9088,1110.4093,0.5338666666666667,208.23638091660328,0.0,1.0,1.0,83.53928451154201,alta
365,33023,33164,1101.8674333333333,1106.5721333333333,4.738066666666667,171.3875605963434,0.0,1.0,1.0,82.98253313026211,alta
365,33170,33190,1106.7723333333333,1107.4396666666667,0.7007,221.8415424094966,0.0,1.0,1.0,77.7070211125568,alta
365,33215,33240,1108.2738333333334,1109.108,0.8675333333333334,208.78940053200898,0.0,1.0,1.0,79.2029159573611,alta
365,33264,33279,1109.9088,1110.4093,0.5338666666666667,261.4493102058148,0.0,1.0,1.0,78.44452843363875,alta
365,33282,33342,1110.5094,1112.5114,2.0353666666666665,225.71789416059738,0.0,1.0,1.0,78.6566729881214,alta
365,33355,33382,1112.9451666666666,1113.8460666666667,0.9342666666666667,195.51024441858354,0.0,1.0,1.0,80.47703545932063,alta
365,33405,33419,1114.6135,1115.0806333333333,0.5005000000000001,193.16063229405435,0.0,1.0,1.0,80.91216368888243,alta
365,33479,33500,1117.0826333333334,1117.7833333333333,0.7340666666666666,219.73401831781464,0.0,1.0,1.0,81.01926609209181,alta
365,33522,33537,1118.5174,1119.0179,0.5338666666666667,193.60663146908058,0.0,1.0,1.0,80.56630822061558,alta
366,33039,33072,1102.4013,1103.5024,1.1011000000000877,31.03260601241493,0.0,1.0,1.0,96.88800213176465,alta
367,33264,33279,1109.9088,1110.4093,0.5338666666666667,136.6018837683622,0.0,1.0,1.0,96.85870928382442,alta
367,33282,33342,1110.5094,1112.5114,2.00200000000018,56.31297992874856,0.0,1.0,1.0,95.64738700522592,alta
368,33321,33382,1111.8107,1113.8460666666667,2.0353666666667323,148.5429139184564,2.7778467248987266,1.0,0.9629629629629629,82.5590199572371,alta
369,33479,33500,1117.0826333333334,1117.7833333333333,0.7340666666666666,71.55053864618245,0.0,1.0,1.0,96.17368966009222,alta
370,33522,33537,1118.5174,1119.0179,0.5005000000001019,147.8724473343536,30.62954305013021,1.0,0.6666666666666666,66.68465630018531,media
370,33568,33686,1120.0522666666666,1123.9895333333334,3.937266666666801,158.6990868188478,0.0,1.0,1.0,84.05085833107124,alta
370,33690,33709,1124.123,1124.7569666666666,0.6673333333333333,190.56424686850616,0.0,1.0,1.0,80.89263678458761,alta
370,33714,34064,1124.9238,1136.6021333333333,11.7117,183.6705687059828,0.0,1.0,1.0,81.6187871712509,alta
370,34072,34146,1136.8690666666666,1139.3382,2.469133333333275,182.53889653000192,0.0,1.0,0.864406779661017,77.20761378031358,alta
370,34151,34169,1139.5050333333334,1140.1056333333333,0.6339666666666667,140.33954254267542,0.0,1.0,1.0,85.95831116982231,alta
370,34292,34364,1144.2097333333334,1146.6121333333333,2.435766666666667,222.91435270059986,80.92549864886558,1.0,0.1506849315068493,35.54083988455614,baixa
370,34392,34439,1147.5464,1149.1146333333334,1.6016000000000001,243.96857858044277,106.45336723327637,1.0,0.0,25.40671422725275,baixa
370,34455,34481,1149.6485,1150.5160333333333,0.9009,164.44470224355032,9.74130701135706,1.0,0.9629629629629629,76.71386696319775,alta
370,34483,34501,1150.5827666666667,1151.1833666666666,0.6339666666666667,137.54142322332183,0.0,1.0,1.0,86.23360422676713,alta
371,33548,33655,1119.3849333333333,1122.9551666666666,3.5702333333333627,48.06224158466086,0.0,1.0,1.0,96.31292010873916,alta
371,33661,33686,1123.1553666666666,1123.9895333333334,0.8675333333333334,33.967894750470776,0.0,1.0,1.0,96.66494633999183,alta
371,33690,33709,1124.123,1124.7569666666666,0.6673333333333333,35.950476319661014,0.0,1.0,1.0,96.38223456975274,alta
371,33714,34064,1124.9238,1136.6021333333333,11.7117,31.439070104190225,0.0,1.0,1.0,96.85585892453541,alta
371,34072,34146,1136.8690666666666,1139.3382,2.5025,40.34686837360656,0.0,1.0,1.0,95.95865223806284,alta
372,33568,33655,1120.0522666666666,1122.9551666666666,2.9362666666666666,147.31151924233365,0.0,1.0,1.0,85.29307419986834,alta
373,33661,33686,1123.1553666666666,1123.9895333333334,0.8675333333333334,197.43354939626218,0.0,1.0,1.0,79.90428488018041,alta
373,33690,33709,1124.123,1124.7569666666666,0.6673333333333333,224.02588828819768,0.0,1.0,1.0,77.52184526682963,alta
373,33714,33801,1124.9238,1127.8267,2.9362666666666666,208.09602885787163,0.3597034974531694,1.0,0.9090909090909091,75.92273102449045,alta
375,33927,33941,1132.0309,1132.4980333333333,0.5005000000000001,202.38143069709685,0.0,1.0,0.7333333333333333,70.6139816402456,media
376,34035,34146,1135.6345000000001,1139.3382,3.703699999999799,200.970537680079,0.6251523217489553,1.0,0.872093023255814,75.46295584922032,alta
379,34238,34265,1142.4079333333334,1143.3088333333333,0.9342666666666667,219.51812816134716,0.0,1.0,1.0,78.07470569550965,alta
379,34292,34364,1144.2097333333334,1146.6121333333333,2.435766666666667,208.53482858430553,0.0,1.0,1.0,79.68972038058627,alta
379,34392,34439,1147.5464,1149.1146333333334,1.6016000000000001,208.1694142853839,0.0,1.0,1.0,79.20167133567521,alta
379,34455,34481,1149.6485,1150.5160333333333,0.9009,190.5202654296547,0.0,1.0,1.0,80.80451787202135,alta
379,34483,34501,1150.5827666666667,1151.1833666666666,0.6339666666666667,219.33597494149896,0.0,1.0,1.0,77.77106171495272,alta
379,34518,34555,1151.7506,1152.9851666666666,1.2679333333333334,208.5169596327792,0.0,1.0,0.9473684210526315,77.48013428892015,alta
379,34602,34706,1154.5534,1158.0235333333333,3.5035000000000003,197.5834205608311,0.0,1.0,1.0,80.25640714212811,alta
379,34725,34768,1158.6575,1160.0922666666668,1.4681333333333333,190.89304377860665,0.0,1.0,1.0,83.6045690310395,alta
379,34838,34895,1162.4279333333334,1164.3298333333335,1.9352666666666667,219.3204921013772,0.0,1.0,1.0,78.09408755513641,alta
379,34906,34996,1164.6968666666667,1167.6998666666666,3.002999999999929,221.97657622544685,0.0,1.0,1.0,77.77779797418124,alta
379,35040,35071,1169.1680000000001,1170.2023666666666,1.0677333333333334,163.72755062920004,0.0,1.0,1.0,83.50089211414945,alta
379,35074,35127,1170.3024666666668,1172.0709,1.8018,201.86948659237007,0.0,1.0,1.0,79.79993059677119,alta
379,35129,35144,1172.1376333333333,1172.6381333333334,0.5338666666666667,200.2007227158682,0.0,1.0,1.0,79.93664582064451,alta
379,35182,35310,1173.9060666666667,1178.1770000000001,4.3043000000000005,173.54677961829174,0.0,1.0,1.0,82.69838069518667,alta
379,35339,35364,1179.1446333333333,1179.9788,0.8675333333333334,214.5455598403796,0.0,1.0,1.0,78.02388154010507,alta
380,34238,34265,1142.4079333333334,1143.3088333333333,0.9009,77.38678742255856,0.0,1.0,1.0,92.21664790872929,alta
381,34238,34268,1142.4079333333334,1143.4089333333334,1.0009999999999764,36.28293812537447,0.0,1.0,1.0,96.31864465259203,alta
383,34521,34569,1151.8507,1153.4523,1.6015999999999622,35.080135600027624,0.0,1.0,1.0,96.93842932478432,alta
384,34549,34574,1152.7849666666666,1153.6191333333334,0.8341666666667606,147.9149042895225,0.511566162109375,1.0,1.0,83.1893522597336,alta
385,34560,34574,1153.152,1153.6191333333334,0.46713333333333334,89.4636517595833,3.5985586983816966,1.0,1.0,85.3005406258293,alta
385,34602,34631,1154.5534,1155.5210333333334,0.9676333333334242,153.92946976838365,82.29356848675272,1.0,0.0,37.64175854814654,baixa
388,34838,34895,1162.4279333333334,1164.3298333333335,1.9352666666666667,126.82278887936609,5.587728039971713,1.0,1.0,83.99550830744305,alta
388,34906,34996,1164.6968666666667,1167.6998666666666,3.002999999999929,138.4040744125938,6.219133203679865,1.0,0.9772727272727273,82.18153822415799,alta
388,35074,35127,1170.3024666666668,1172.0709,1.8018,175.74311790158592,26.879230640552663,1.0,0.6666666666666666,65.52602070963349,media
388,35129,35144,1172.1376333333333,1172.6381333333334,0.5338666666666667,146.59357124338686,0.0,1.0,1.0,85.25808474271803,alta
388,35182,35218,1173.9060666666667,1175.1072666666666,1.2345666666666666,148.90896374689632,59.17363182274071,1.0,0.43243243243243246,52.27414613076771,media
390,34950,34978,1166.165,1167.0992666666666,0.9342666666666446,82.48059577472435,0.0,1.0,1.0,91.47251360181065,alta
392,35100,35127,1171.17,1172.0709,0.900899999999865,83.71921554838367,0.04289486533717105,1.0,1.0,91.88255724601214,alta
392,35129,35144,1172.1376333333333,1172.6381333333334,0.5338666666666667,42.281006958975524,0.0,1.0,1.0,95.93614837216211,alta
392,35160,35191,1173.172,1174.2063666666668,1.034366666666756,121.1110839729757,4.994334629603794,1.0,0.9285714285714286,85.25050546879118,alta
393,35234,35302,1175.6411333333333,1177.9100666666666,2.3023000000000002,142.55838105287927,0.0,1.0,1.0,85.77116873358416,alta
394,35339,35364,1179.1446333333333,1179.9788,0.8675333333333334,126.97648564090363,0.0,1.0,1.0,87.13741066534227,alta
394,35422,35503,1181.9140666666667,1184.6167666666668,2.70270000000005,166.97107451206628,0.0,1.0,1.0,83.22278129098507,alta
394,35521,35605,1185.2173666666667,1188.0201666666667,2.8361666666666667,192.7000793930804,0.0,1.0,1.0,80.66992347412,alta
394,35619,35767,1188.4873,1193.4255666666668,4.971633333333333,193.89628184952363,0.0,1.0,1.0,80.97811725669528,alta
394,35898,35966,1197.7966000000001,1200.0655333333334,2.3023000000000002,202.07443276642715,0.0,1.0,1.0,80.97082410805535,alta
394,35983,36001,1200.6327666666666,1201.2333666666666,0.6339666666666667,207.28142748645874,0.0,1.0,1.0,78.71747141491022,alta
394,36034,36106,1202.3344666666667,1204.7368666666666,2.4023999999999432,202.52602263035885,0.0,1.0,0.9857142857142858,80.64670886378819,alta
394,36130,36170,1205.5376666666666,1206.8723333333332,1.3680333333333334,235.38922647822073,80.23615432367092,1.0,0.12195121951219512,32.91280128916395,baixa
396,35372,35388,1180.2457333333334,1180.7796,0.5672333333333334,159.16552516790523,0.0,1.0,1.0,84.2061631942004,alta
396,35422,35512,1181.9140666666667,1184.9170666666666,3.002999999999929,155.56030180674466,13.489815521240235,1.0,0.825,75.33736131967636,alta
396,35521,35605,1185.2173666666667,1188.0201666666667,2.8361666666666667,170.71635495214096,0.0,1.0,1.0,82.99182578948822,alta
396,35619,35767,1188.4873,1193.4255666666668,4.971633333333333,150.64320629368592,0.0,1.0,1.0,85.33436034538852,alta
396,35898,35966,1197.7966000000001,1200.0655333333334,2.3023000000000002,206.70029275137142,19.541889798813973,1.0,1.0,67.50027866995812,media
397,35422,35466,1181.9140666666667,1183.3822,1.4681333333332987,134.4565630353992,38.59296644056165,1.0,0.4594594594594595,60.569750124482674,media
398,35453,35503,1182.9484333333332,1184.6167666666668,1.7017,33.26507080140336,0.0,1.0,1.0,96.67368711299004,alta
398,35521,35605,1185.2173666666667,1188.0201666666667,2.8361666666666667,37.29141062753501,0.0,1.0,1.0,96.23238967100035,alta
398,35619,35765,1188.4873,1193.3588333333335,4.871533333333446,36.82227347920092,0.0,1.0,1.0,96.6878982464923,alta
398,35898,35966,1197.7966000000001,1200.0655333333334,2.3023000000000002,59.92056434901657,0.0,1.0,1.0,95.22099054722659,alta
398,35983,36001,1200.6327666666666,1201.2333666666666,0.6339666666666667,40.75725909149604,0.0,1.0,1.0,95.84550390349331,alta
398,36034,36091,1202.3344666666667,1204.2363666666668,1.9019000000000688,71.40568941476002,0.0,1.0,1.0,94.24681220778238,alta
405,36317,36330,1211.7772333333332,1212.211,0.46713333333333334,273.3779638903291,128.48887525285994,1.0,0.0,19.307673176618476,baixa
405,36338,36401,1212.4779333333333,1214.5800333333334,2.135466666666667,282.7708065239903,132.06333875656128,1.0,0.0,18.46198369851497,baixa
408,36360,37583,1213.212,1254.0194333333334,40.80743333333339,113.4427306665208,0.0,1.0,0.39818631492168177,49.54029383365766,media
408,37590,43531,1254.253,1452.4843666666668,198.23136666666687,110.48310797324886,0.0,1.0,0.07003367003367003,28.52065054185023,baixa
408,43533,47757,1452.5511000000001,1593.4919,140.97416666666666,110.03672894090778,0.0,1.0,0.005917159763313609,24.393961183639743,baixa
408,47759,47981,1593.5586333333333,1600.9660333333334,7.440766666666667,113.5788184681926,,1.0,0.0,23.891412921674743,baixa
408,47990,48201,1601.2663333333333,1608.3067,7.073733333333333,117.72955649963745,,1.0,0.0,24.013636806389677,baixa
408,48210,48243,1608.607,1609.7081,1.1344666666666667,110.3998317923395,,1.0,0.0,23.928971610514886,baixa
408,48255,48970,1610.1085,1633.9656666666667,23.890533333333334,109.75663517336523,0.0,1.0,0.018156424581005588,25.207797189139054,baixa
408,48980,48993,1634.2993333333334,1634.7331,0.46713333333333334,152.89059978239106,,1.0,0.0,23.93268955559442,baixa
408,48996,49116,1634.8332,1638.8372,4.037366666666666,115.83252103826845,,1.0,0.0,23.85410963970709,baixa
408,49125,49397,1639.1375,1648.2132333333334,9.1091,113.09057235611411,0.0,1.0,0.047619047619047616,27.072332163718073,baixa
408,49399,49521,1648.2799666666667,1652.3507,4.1041,114.5094850434243,0.0,1.0,0.008130081300813009,24.536350747994828,baixa
408,49523,53576,1652.4174333333333,1787.6525333333334,135.26846666666668,110.28362217178719,0.0,1.0,0.007153428712382831,24.45060272150198,baixa
408,53580,54465,1787.786,1817.3155,29.562866666666668,112.18430443675729,,1.0,0.0,23.92413933805107,baixa
408,54477,56944,1817.7159,1900.0314666666668,82.34893333333333,110.81890215049698,0.0,1.0,0.0012155591572123178,24.025869188729242,baixa
517,57032,57048,1902.9677333333334,1903.5016,0.5672333333333334,31.252128393580143,0.0,1.0,1.0,96.68328310546485,alta
517,57154,57183,1907.0384666666666,1908.0061,1.0010000000000001,70.06090272508709,0.0,1.0,0.6666666666666666,72.02047142477082,media
517,57195,57214,1908.4065,1909.0404666666666,0.6673333333333333,40.53242713596659,0.0,1.0,0.5,62.99642649557823,media
518,57154,57173,1907.0384666666666,1907.6724333333334,0.6673333333333333,292.747501047086,0.0,1.0,1.0,70.40181523367238,media
524,57345,57371,1913.4115,1914.2790333333335,0.8675333333335402,114.6710446083104,0.0,1.0,0.7,69.04534147218605,media
524,57384,57815,1914.7128,1929.0938333333334,14.4144,115.53599054446774,0.0,1.0,0.037037037037037035,25.987303898774194,baixa
