start_time_sec,categoria,label
0.544,Pescoco,Posicao_773
0.869,Pescoco,Posicao_783
1.209,Pescoco,Posicao_793
1.537,Pescoco,Posicao_803
1.887,Pescoco,Posicao_793
2.254,Pescoco,Posicao_783
2.58,Pescoco,Posicao_773
2.91,Pescoco,Posicao_763
3.228,Pescoco,Posicao_753
3.548,Pescoco,Posicao_743
3.869,Pescoco,Posicao_733
4.181,Pescoco,Posicao_733
4.505,Pescoco,Posicao_733
4.826,Pescoco,Posicao_733
5.146,Pescoco,Posicao_733
5.462,Pescoco,Posicao_733
5.773,Pescoco,Posicao_733
6.085,Pescoco,Posicao_733
6.4,Pescoco,Posicao_733
6.712,Pescoco,Posicao_733
7.04,Pescoco,Posicao_733
7.351,Pescoco,Posicao_733
7.668,Pescoco,Posicao_743
7.991,Pescoco,Posicao_753
8.311,Pescoco,Posicao_753
8.635,Pescoco,Posicao_743
8.954,Pescoco,Posicao_733
9.272,Pescoco,Posicao_723
9.588,Pescoco,Posicao_723
9.898,Pescoco,Posicao_723
10.21,Pescoco,Posicao_723
10.522,Pescoco,Posicao_723
10.835,Pescoco,Posicao_723
11.147,Pescoco,Posicao_723
11.457,Pescoco,Posicao_723
11.768,Pescoco,Posicao_723
12.086,Pescoco,Posicao_713
12.405,Pescoco,Posicao_713
12.723,Pescoco,Posicao_723
13.0,Atividade_Audio,Esse_e_pe_direito.mp3
13.003,Movimento_Web,highfive
13.041,Pescoco,Posicao_723
13.362,Pescoco,Posicao_723
13.498,Atividade_Audio,Esse_e_pe_direito.mp3
13.502,Movimento_Web,highfive
13.681,Pescoco,Posicao_733
13.999,Pescoco,Posicao_743
14.317,Pescoco,Posicao_753
14.636,Pescoco,Posicao_763
14.958,Pescoco,Posicao_773
15.277,Pescoco,Posicao_783
15.595,Pescoco,Posicao_783
15.915,Pescoco,Posicao_783
16.233,Pescoco,Posicao_783
16.551,Pescoco,Posicao_783
16.872,Pescoco,Posicao_783
17.192,Pescoco,Posicao_783
17.514,Pescoco,Posicao_783
17.832,Pescoco,Posicao_783
18.012,Movimento_Web,down_highfive
18.155,Pescoco,Posicao_793
18.475,Pescoco,Posicao_803
18.511,Movimento_Web,down_highfive
18.794,Pescoco,Posicao_813
19.113,Pescoco,Posicao_823
19.432,Pescoco,Posicao_833
19.75,Pescoco,Posicao_823
20.074,Pescoco,Posicao_813
20.393,Pescoco,Posicao_803
20.711,Pescoco,Posicao_793
21.03,Pescoco,Posicao_783
21.348,Pescoco,Posicao_773
21.668,Pescoco,Posicao_763
21.989,Pescoco,Posicao_753
22.312,Pescoco,Posicao_743
22.631,Pescoco,Posicao_733
22.95,Pescoco,Posicao_733
23.271,Pescoco,Posicao_743
23.591,Pescoco,Posicao_753
23.91,Pescoco,Posicao_753
24.234,Pescoco,Posicao_743
24.543,Pescoco,Posicao_743
24.853,Pescoco,Posicao_743
25.165,Pescoco,Posicao_743
25.476,Pescoco,Posicao_743
25.789,Pescoco,Posicao_743
26.1,Pescoco,Posicao_743
26.411,Pescoco,Posicao_743
26.721,Pescoco,Posicao_743
27.035,Pescoco,Posicao_743
27.347,Pescoco,Posicao_743
27.658,Pescoco,Posicao_743
27.969,Pescoco,Posicao_743
28.282,Pescoco,Posicao_743
28.595,Pescoco,Posicao_743
28.907,Pescoco,Posicao_743
29.219,Pescoco,Posicao_743
29.531,Pescoco,Posicao_743
29.921,Pescoco,Posicao_743
30.273,Pescoco,Posicao_733
30.619,Pescoco,Posicao_733
30.974,Pescoco,Posicao_733
31.309,Pescoco,Posicao_733
31.639,Pescoco,Posicao_733
32.06,Pescoco,Posicao_723
32.441,Pescoco,Posicao_723
32.776,Pescoco,Posicao_723
33.102,Pescoco,Posicao_723
33.432,Pescoco,Posicao_713
33.758,Pescoco,Posicao_703
34.091,Pescoco,Posicao_693
34.421,Pescoco,Posicao_683
34.754,Pescoco,Posicao_673
35.06,Pescoco,Posicao_663
35.37,Pescoco,Posicao_663
35.687,Pescoco,Posicao_663
36.001,Pescoco,Posicao_663
36.314,Pescoco,Posicao_663
36.637,Pescoco,Posicao_653
36.958,Pescoco,Posicao_643
37.27,Pescoco,Posicao_643
37.583,Pescoco,Posicao_643
37.899,Pescoco,Posicao_643
38.206,Pescoco,Posicao_643
38.516,Pescoco,Posicao_643
38.826,Pescoco,Posicao_643
39.139,Pescoco,Posicao_643
39.183,Movimento_Web,highfive
39.453,Pescoco,Posicao_643
39.778,Pescoco,Posicao_633
40.101,Pescoco,Posicao_623
40.419,Pescoco,Posicao_613
40.739,Pescoco,Posicao_603
41.061,Pescoco,Posicao_603
41.382,Pescoco,Posicao_613
41.701,Pescoco,Posicao_623
42.022,Pescoco,Posicao_623
42.342,Pescoco,Posicao_633
42.669,Pescoco,Posicao_643
42.984,Pescoco,Posicao_643
43.295,Pescoco,Posicao_643
43.617,Pescoco,Posicao_643
43.937,Pescoco,Posicao_643
44.27,Pescoco,Posicao_643
44.58,Pescoco,Posicao_643
44.9,Pescoco,Posicao_643
45.221,Pescoco,Posicao_643
45.542,Pescoco,Posicao_633
45.854,Pescoco,Posicao_633
46.175,Pescoco,Posicao_633
46.496,Pescoco,Posicao_633
46.817,Pescoco,Posicao_633
47.138,Pescoco,Posicao_633
47.457,Pescoco,Posicao_623
47.777,Pescoco,Posicao_613
48.096,Pescoco,Posicao_603
48.434,Pescoco,Posicao_593
48.761,Pescoco,Posicao_583
49.079,Pescoco,Posicao_583
49.128,Emocao,happy
49.397,Pescoco,Posicao_583
49.714,Pescoco,Posicao_583
50.033,Pescoco,Posicao_583
50.35,Pescoco,Posicao_583
50.685,Pescoco,Posicao_583
50.987,Pescoco,Posicao_583
51.307,Pescoco,Posicao_583
51.626,Pescoco,Posicao_583
51.944,Pescoco,Posicao_583
52.262,Pescoco,Posicao_583
52.525,Emocao,sad
52.58,Pescoco,Posicao_593
52.894,Pescoco,Posicao_593
53.212,Pescoco,Posicao_593
53.522,Pescoco,Posicao_593
53.84,Pescoco,Posicao_603
54.15,Pescoco,Posicao_603
54.468,Pescoco,Posicao_613
54.787,Pescoco,Posicao_623
55.105,Pescoco,Posicao_633
55.148,Emocao,angry
55.423,Pescoco,Posicao_643
55.74,Pescoco,Posicao_653
56.063,Pescoco,Posicao_663
56.38,Pescoco,Posicao_663
56.698,Pescoco,Posicao_663
57.017,Pescoco,Posicao_663
57.335,Pescoco,Posicao_663
57.656,Pescoco,Posicao_663
57.976,Pescoco,Posicao_663
58.293,Pescoco,Posicao_663
58.611,Pescoco,Posicao_663
58.931,Pescoco,Posicao_663
59.253,Pescoco,Posicao_663
59.571,Pescoco,Posicao_663
59.889,Pescoco,Posicao_663
60.213,Pescoco,Posicao_663
60.531,Pescoco,Posicao_663
60.849,Pescoco,Posicao_663
61.183,Pescoco,Posicao_673
61.494,Pescoco,Posicao_673
61.817,Pescoco,Posicao_673
62.139,Pescoco,Posicao_673
62.45,Pescoco,Posicao_673
62.895,Pescoco,Posicao_673
63.285,Pescoco,Posicao_673
63.596,Pescoco,Posicao_673
63.907,Pescoco,Posicao_673
64.218,Pescoco,Posicao_673
64.528,Pescoco,Posicao_673
64.838,Pescoco,Posicao_673
65.15,Pescoco,Posicao_673
65.465,Pescoco,Posicao_673
65.776,Pescoco,Posicao_673
65.847,Movimento_Web,highfive
65.848,Atividade_Audio,Esse_e_pe_direito.mp3
66.088,Pescoco,Posicao_673
66.09,Emocao,neutral
66.396,Pescoco,Posicao_673
66.718,Pescoco,Posicao_683
67.051,Pescoco,Posicao_693
67.365,Pescoco,Posicao_703
67.697,Pescoco,Posicao_713
68.078,Pescoco,Posicao_713
68.38,Pescoco,Posicao_713
68.703,Pescoco,Posicao_703
69.029,Pescoco,Posicao_693
69.367,Pescoco,Posicao_683
69.671,Pescoco,Posicao_673
69.986,Pescoco,Posicao_673
70.309,Pescoco,Posicao_673
70.62,Pescoco,Posicao_673
70.875,Movimento_Web,down_highfive
70.957,Pescoco,Posicao_673
71.277,Pescoco,Posicao_673
71.595,Pescoco,Posicao_663
71.917,Pescoco,Posicao_663
72.24,Pescoco,Posicao_663
72.563,Pescoco,Posicao_663
72.886,Pescoco,Posicao_663
73.209,Pescoco,Posicao_663
73.531,Pescoco,Posicao_673
73.842,Pescoco,Posicao_673
73.924,Movimento_Web,wave
74.153,Pescoco,Posicao_673
74.429,Atividade_Audio,tchau_amiga.mp3
74.466,Pescoco,Posicao_673
74.791,Pescoco,Posicao_673
75.11,Pescoco,Posicao_673
75.423,Pescoco,Posicao_673
75.739,Pescoco,Posicao_673
76.06,Pescoco,Posicao_683
76.377,Pescoco,Posicao_683
76.689,Pescoco,Posicao_683
77.003,Pescoco,Posicao_683
77.319,Pescoco,Posicao_683
77.631,Pescoco,Posicao_683
77.959,Pescoco,Posicao_683
78.264,Pescoco,Posicao_683
78.573,Pescoco,Posicao_683
78.899,Pescoco,Posicao_683
79.224,Pescoco,Posicao_683
79.539,Pescoco,Posicao_683
79.842,Pescoco,Posicao_683
80.158,Pescoco,Posicao_683
80.47,Pescoco,Posicao_683
80.781,Pescoco,Posicao_683
81.093,Pescoco,Posicao_683
81.404,Pescoco,Posicao_683
81.715,Pescoco,Posicao_683
82.024,Pescoco,Posicao_683
82.111,Movimento_Web,down_highfive
82.336,Pescoco,Posicao_683
82.649,Pescoco,Posicao_683
82.96,Pescoco,Posicao_683
83.27,Pescoco,Posicao_683
83.582,Pescoco,Posicao_683
83.893,Pescoco,Posicao_683
84.21,Pescoco,Posicao_683
84.514,Pescoco,Posicao_683
84.827,Pescoco,Posicao_683
85.141,Pescoco,Posicao_683
85.451,Pescoco,Posicao_683
85.759,Pescoco,Posicao_683
86.081,Pescoco,Posicao_683
86.388,Pescoco,Posicao_683
86.704,Pescoco,Posicao_683
87.014,Pescoco,Posicao_683
87.32,Pescoco,Posicao_683
87.636,Pescoco,Posicao_683
87.944,Pescoco,Posicao_683
88.261,Pescoco,Posicao_683
88.59,Pescoco,Posicao_683
88.901,Pescoco,Posicao_683
89.217,Pescoco,Posicao_683
89.526,Pescoco,Posicao_683
89.836,Pescoco,Posicao_683
90.149,Pescoco,Posicao_683
90.168,Atividade_Audio,Hi-5.mp3
90.461,Pescoco,Posicao_683
90.771,Pescoco,Posicao_683
91.088,Pescoco,Posicao_683
91.402,Pescoco,Posicao_683
91.715,Pescoco,Posicao_683
92.024,Pescoco,Posicao_683
92.335,Pescoco,Posicao_683
92.654,Pescoco,Posicao_693
92.965,Pescoco,Posicao_693
93.278,Pescoco,Posicao_693
93.595,Pescoco,Posicao_693
93.915,Pescoco,Posicao_703
94.23,Pescoco,Posicao_703
94.554,Pescoco,Posicao_713
95.014,Pescoco,Posicao_723
95.282,Pescoco,Posicao_723
95.606,Pescoco,Posicao_723
95.844,Movimento_Web,highfive
95.87,Atividade_Audio,Esse_e_pe_direito.mp3
95.963,Pescoco,Posicao_723
96.295,Pescoco,Posicao_733
96.627,Pescoco,Posicao_743
96.952,Pescoco,Posicao_753
97.274,Pescoco,Posicao_763
97.597,Pescoco,Posicao_773
97.918,Pescoco,Posicao_783
98.246,Pescoco,Posicao_793
98.563,Pescoco,Posicao_803
98.885,Pescoco,Posicao_803
99.221,Pescoco,Posicao_803
99.526,Pescoco,Posicao_803
99.846,Pescoco,Posicao_803
100.164,Pescoco,Posicao_803
100.484,Pescoco,Posicao_803
100.802,Pescoco,Posicao_803
100.882,Movimento_Web,down_highfive
101.122,Pescoco,Posicao_803
101.444,Pescoco,Posicao_803
101.765,Pescoco,Posicao_803
102.083,Pescoco,Posicao_793
102.402,Pescoco,Posicao_783
102.715,Pescoco,Posicao_783
103.025,Pescoco,Posicao_783
103.337,Pescoco,Posicao_783
103.656,Pescoco,Posicao_783
103.967,Pescoco,Posicao_783
104.278,Pescoco,Posicao_783
104.628,Pescoco,Posicao_783
104.964,Pescoco,Posicao_773
105.292,Pescoco,Posicao_773
105.624,Pescoco,Posicao_773
105.959,Pescoco,Posicao_773
106.299,Pescoco,Posicao_763
106.631,Pescoco,Posicao_753
106.965,Pescoco,Posicao_743
107.287,Pescoco,Posicao_743
107.634,Pescoco,Posicao_743
107.945,Pescoco,Posicao_743
108.256,Pescoco,Posicao_743
108.568,Pescoco,Posicao_743
108.89,Pescoco,Posicao_743
109.207,Pescoco,Posicao_743
109.527,Pescoco,Posicao_733
109.837,Pescoco,Posicao_733
110.151,Pescoco,Posicao_733
110.514,Pescoco,Posicao_733
110.872,Pescoco,Posicao_733
111.201,Pescoco,Posicao_733
111.524,Pescoco,Posicao_733
111.858,Pescoco,Posicao_733
112.184,Pescoco,Posicao_723
112.502,Pescoco,Posicao_723
112.819,Pescoco,Posicao_733
113.137,Pescoco,Posicao_743
113.459,Pescoco,Posicao_753
113.775,Pescoco,Posicao_753
114.093,Pescoco,Posicao_743
114.413,Pescoco,Posicao_733
114.738,Pescoco,Posicao_723
115.05,Pescoco,Posicao_713
115.371,Pescoco,Posicao_703
115.688,Pescoco,Posicao_693
116.008,Pescoco,Posicao_683
116.333,Pescoco,Posicao_673
116.644,Pescoco,Posicao_663
116.964,Pescoco,Posicao_653
117.283,Pescoco,Posicao_643
117.603,Pescoco,Posicao_633
117.938,Pescoco,Posicao_623
118.257,Pescoco,Posicao_613
118.57,Pescoco,Posicao_613
118.884,Pescoco,Posicao_613
119.194,Pescoco,Posicao_613
119.528,Pescoco,Posicao_613
119.847,Pescoco,Posicao_613
120.173,Pescoco,Posicao_613
120.49,Pescoco,Posicao_613
120.803,Pescoco,Posicao_613
121.113,Pescoco,Posicao_613
121.423,Pescoco,Posicao_613
121.758,Pescoco,Posicao_603
122.139,Pescoco,Posicao_593
122.467,Pescoco,Posicao_583
122.793,Pescoco,Posicao_573
123.112,Pescoco,Posicao_563
123.437,Pescoco,Posicao_553
123.762,Pescoco,Posicao_543
124.132,Pescoco,Posicao_533
124.469,Pescoco,Posicao_523
124.793,Pescoco,Posicao_513
125.123,Pescoco,Posicao_503
125.302,Atividade_Audio,sounds/animals/rooster.mp3
125.435,Pescoco,Posicao_503
125.757,Pescoco,Posicao_503
126.124,Pescoco,Posicao_503
126.438,Pescoco,Posicao_503
126.77,Pescoco,Posicao_503
127.077,Pescoco,Posicao_503
127.412,Pescoco,Posicao_503
127.748,Pescoco,Posicao_503
128.097,Pescoco,Posicao_513
128.425,Pescoco,Posicao_523
128.724,Atividade_Audio,sounds/tente_novamente.mp3
128.75,Pescoco,Posicao_533
129.082,Pescoco,Posicao_543
129.408,Pescoco,Posicao_553
129.73,Pescoco,Posicao_563
130.046,Pescoco,Posicao_573
130.363,Pescoco,Posicao_573
130.683,Pescoco,Posicao_583
131.017,Pescoco,Posicao_593
131.31,Atividade_Audio,sounds/tente_novamente.mp3
131.355,Pescoco,Posicao_593
131.675,Pescoco,Posicao_603
131.986,Pescoco,Posicao_603
132.302,Pescoco,Posicao_603
132.614,Pescoco,Posicao_603
132.933,Pescoco,Posicao_603
133.256,Pescoco,Posicao_603
133.558,Pescoco,Posicao_603
133.866,Pescoco,Posicao_603
134.184,Pescoco,Posicao_603
134.49,Pescoco,Posicao_603
134.8,Pescoco,Posicao_603
135.114,Pescoco,Posicao_603
135.429,Pescoco,Posicao_603
135.733,Pescoco,Posicao_603
136.045,Pescoco,Posicao_603
136.357,Pescoco,Posicao_603
136.498,Movimento_Web,wave
136.676,Pescoco,Posicao_603
136.987,Pescoco,Posicao_603
136.999,Atividade_Audio,tchau_amigo.mp3
137.299,Pescoco,Posicao_603
137.61,Pescoco,Posicao_603
137.92,Pescoco,Posicao_603
138.231,Pescoco,Posicao_603
138.544,Pescoco,Posicao_603
138.856,Pescoco,Posicao_603
139.166,Pescoco,Posicao_603
139.477,Pescoco,Posicao_603
139.788,Pescoco,Posicao_603
140.1,Pescoco,Posicao_603
140.411,Pescoco,Posicao_603
140.722,Pescoco,Posicao_603
141.073,Pescoco,Posicao_603
141.389,Pescoco,Posicao_603
141.707,Pescoco,Posicao_603
142.026,Pescoco,Posicao_603
142.337,Pescoco,Posicao_603
142.651,Pescoco,Posicao_603
